StateID,StateName,DistrictID,DistrictCensusCode2011,DistrictName,IHHLTotalAsPerDetails,IHHLTotalAch,IHHLCoveragePer,Date
26,"A & N Islands",578,639,"NORTH AND MIDDLE ANDAMAN",18187,18187,100.00,"10/8/2024 12:00:00 AM"
26,"A & N Islands",576,640,"SOUTH ANDAMANS",17208,17208,100.00,"10/8/2024 12:00:00 AM"
1,"Andhra Pradesh",1368,813,ANNAMAYYA,252568,252568,100.00,"10/8/2024 12:00:00 AM"
1,"Andhra Pradesh",8,550,NELLORE,332512,332512,100.00,"10/8/2024 12:00:00 AM"
1,"Andhra Pradesh",1375,811,PALNADU,341396,341396,100.00,"10/8/2024 12:00:00 AM"
1,"Andhra Pradesh",1378,812,TIRUPATI,296718,296718,100.00,"10/8/2024 12:00:00 AM"
2,"Arunachal Pradesh",29,260,ANJAW,4879,4879,100.00,"10/8/2024 12:00:00 AM"
2,"Arunachal Pradesh",17,251,"EAST SIANG",6428,6428,100.00,"10/8/2024 12:00:00 AM"
2,"Arunachal Pradesh",759,778,KAMLE,4643,4643,100.00,"10/8/2024 12:00:00 AM"
2,"Arunachal Pradesh",762,785,"SHI YOMI",2290,2290,100.00,"10/8/2024 12:00:00 AM"
3,Assam,30,303,BARPETA,267775,267775,100.00,"10/8/2024 12:00:00 AM"
3,Assam,34,308,DHEMAJI,137916,137916,100.00,"10/8/2024 12:00:00 AM"
3,Assam,36,310,DIBRUGARH,209315,209315,100.00,"10/8/2024 12:00:00 AM"
3,Assam,741,757,HOJAI,108442,108442,100.00,"10/8/2024 12:00:00 AM"
3,Assam,42,314,"KARBI ANGLONG",93003,93003,100.00,"10/8/2024 12:00:00 AM"
3,Assam,43,317,KARIMGANJ,188180,188180,100.00,"10/8/2024 12:00:00 AM"
3,Assam,45,307,LAKHIMPUR,190303,190303,100.00,"10/8/2024 12:00:00 AM"
4,Bihar,64,232,BUXAR,243979,243979,100.00,"10/8/2024 12:00:00 AM"
4,Bihar,74,210,KISHANGANJ,247344,247344,100.00,"10/8/2024 12:00:00 AM"
4,Bihar,75,227,LAKHISARAI,140257,140257,100.00,"10/8/2024 12:00:00 AM"
4,Bihar,77,207,MADHUBANI,638205,638205,100.00,"10/8/2024 12:00:00 AM"
4,Bihar,85,214,SAHARSA,277846,277846,100.00,"10/8/2024 12:00:00 AM"
4,Bihar,84,234,SASARAM(ROHTAS),356712,356712,100.00,"10/8/2024 12:00:00 AM"
4,Bihar,91,218,SIWAN,451472,451472,100.00,"10/8/2024 12:00:00 AM"
4,Bihar,93,220,VAISHALI,459297,459297,100.00,"10/8/2024 12:00:00 AM"
34,Chhattisgarh,630,721,"BALODA BAZAR",217439,217439,100.00,"10/8/2024 12:00:00 AM"
34,Chhattisgarh,615,402,JASHPUR,190399,190399,100.00,"10/8/2024 12:00:00 AM"
34,Chhattisgarh,1382,821,KHAIRAGARH-CHHUIKHADAN-GANDAI,63434,63434,100.00,"10/8/2024 12:00:00 AM"
34,Chhattisgarh,619,411,MAHASAMUND,266486,266486,100.00,"10/8/2024 12:00:00 AM"
34,Chhattisgarh,633,717,MUNGELI,158156,158156,100.00,"10/8/2024 12:00:00 AM"
34,Chhattisgarh,620,403,RAIGARH,228994,228994,100.00,"10/8/2024 12:00:00 AM"
34,Chhattisgarh,623,401,SURGUJA,180518,180518,100.00,"10/8/2024 12:00:00 AM"
5,Goa,96,586,"SOUTH GOA",85067,85067,100.00,"10/8/2024 12:00:00 AM"
6,Gujarat,97,474,AHMEDABAD,161544,161544,100.00,"10/8/2024 12:00:00 AM"
6,Gujarat,98,480,AMRELI,190330,190330,100.00,"10/8/2024 12:00:00 AM"
6,Gujarat,106,477,JAMNAGAR,62276,62276,100.00,"10/8/2024 12:00:00 AM"
6,Gujarat,107,479,JUNAGADH,77747,77747,100.00,"10/8/2024 12:00:00 AM"
6,Gujarat,108,483,KHEDA,221299,221299,100.00,"10/8/2024 12:00:00 AM"
6,Gujarat,111,487,NARMADA,101293,101293,100.00,"10/8/2024 12:00:00 AM"
7,Haryana,130,070,AMBALA,115224,115224,100.00,"10/8/2024 12:00:00 AM"
7,Haryana,132,088,FARIDABAD,50229,50229,100.00,"10/8/2024 12:00:00 AM"
7,Haryana,143,075,PANIPAT,117356,117356,100.00,"10/8/2024 12:00:00 AM"
7,Haryana,144,085,REWARI,105761,105761,100.00,"10/8/2024 12:00:00 AM"
7,Haryana,145,082,ROHTAK,117966,117966,100.00,"10/8/2024 12:00:00 AM"
7,Haryana,148,071,YAMUNANAGAR,122175,122175,100.00,"10/8/2024 12:00:00 AM"
8,"Himachal Pradesh",159,033,SHIMLA,132048,132048,100.00,"10/8/2024 12:00:00 AM"
9,"Jammu & Kashmir",166,016,DODA,62260,62260,100.00,"10/8/2024 12:00:00 AM"
9,"Jammu & Kashmir",170,001,KUPWARA,97400,97400,100.00,"10/8/2024 12:00:00 AM"
9,"Jammu & Kashmir",173,012,PULWAMA,68112,68112,100.00,"10/8/2024 12:00:00 AM"
9,"Jammu & Kashmir",178,017,RAMBAN,42179,42179,100.00,"10/8/2024 12:00:00 AM"
9,"Jammu & Kashmir",182,013,SHOPIAN,35731,35731,100.00,"10/8/2024 12:00:00 AM"
35,Jharkhand,639,350,DEOGHAR,182672,182672,100.00,"10/8/2024 12:00:00 AM"
35,Jharkhand,640,354,DHANBAD,187201,187201,100.00,"10/8/2024 12:00:00 AM"
35,Jharkhand,660,365,KHUNTI,81052,81052,100.00,"10/8/2024 12:00:00 AM"
35,Jharkhand,656,369,"SERAIKELA KHARSAWAN",157294,157294,100.00,"10/8/2024 12:00:00 AM"
10,Karnataka,186,583,"BENGALURU RURAL",146952,146952,100.00,"10/8/2024 12:00:00 AM"
10,Karnataka,190,558,BIDAR,211257,211257,100.00,"10/8/2024 12:00:00 AM"
10,Karnataka,194,566,CHITRADURGA,228932,228932,100.00,"10/8/2024 12:00:00 AM"
10,Karnataka,200,574,HASSAN,321090,321090,100.00,"10/8/2024 12:00:00 AM"
10,Karnataka,202,576,KODAGU,116751,116751,100.00,"10/8/2024 12:00:00 AM"
10,Karnataka,203,581,KOLAR,209853,209853,100.00,"10/8/2024 12:00:00 AM"
10,Karnataka,209,571,TUMAKURU,409929,409929,100.00,"10/8/2024 12:00:00 AM"
11,Kerala,216,595,ERNAKULAM,405237,405237,100.00,"10/8/2024 12:00:00 AM"
11,Kerala,222,591,KOZHIKODE,348813,348813,100.00,"10/8/2024 12:00:00 AM"
11,Kerala,227,594,THRISSUR,464124,464124,100.00,"10/8/2024 12:00:00 AM"
12,"Madhya Pradesh",279,724,"AGAR MALWA",76800,76800,100.00,"10/8/2024 12:00:00 AM"
12,"Madhya Pradesh",230,441,BARWANI,181419,181419,100.00,"10/8/2024 12:00:00 AM"
12,"Madhya Pradesh",232,420,BHIND,162396,162396,100.00,"10/8/2024 12:00:00 AM"
12,"Madhya Pradesh",276,467,BURHANPUR,113934,113934,100.00,"10/8/2024 12:00:00 AM"
12,"Madhya Pradesh",236,428,DAMOH,210322,210322,100.00,"10/8/2024 12:00:00 AM"
12,"Madhya Pradesh",239,438,DHAR,327981,327981,100.00,"10/8/2024 12:00:00 AM"
12,"Madhya Pradesh",252,433,MANDSAUR,188696,188696,100.00,"10/8/2024 12:00:00 AM"
12,"Madhya Pradesh",259,434,RATLAM,170148,170148,100.00,"10/8/2024 12:00:00 AM"
12,"Madhya Pradesh",264,456,SEONI,226467,226467,100.00,"10/8/2024 12:00:00 AM"
12,"Madhya Pradesh",269,418,SHEOPUR,96842,96842,100.00,"10/8/2024 12:00:00 AM"
13,Maharashtra,285,506,BHANDARA,207626,207626,100.00,"10/8/2024 12:00:00 AM"
13,Maharashtra,312,512,HINGOLI,181518,181518,100.00,"10/8/2024 12:00:00 AM"
13,Maharashtra,292,530,KOLHAPUR,488711,488711,100.00,"10/8/2024 12:00:00 AM"
13,Maharashtra,293,524,LATUR,282306,282306,100.00,"10/8/2024 12:00:00 AM"
13,Maharashtra,296,516,NASHIK,521873,521873,100.00,"10/8/2024 12:00:00 AM"
13,Maharashtra,301,528,RATNAGIRI,319135,319135,100.00,"10/8/2024 12:00:00 AM"
13,Maharashtra,306,517,THANE,188829,188829,100.00,"10/8/2024 12:00:00 AM"
14,Manipur,319,278,"IMPHAL EAST",72889,72889,100.00,"10/8/2024 12:00:00 AM"
14,Manipur,751,766,JIRIBAM,7272,7272,100.00,"10/8/2024 12:00:00 AM"
14,Manipur,755,770,KAMJONG,11334,11334,100.00,"10/8/2024 12:00:00 AM"
14,Manipur,321,273,TAMENGLONG,16511,16511,100.00,"10/8/2024 12:00:00 AM"
15,Meghalaya,327,714,"EAST JAINTIA HILLS",22531,22531,100.00,"10/8/2024 12:00:00 AM"
15,Meghalaya,735,712,"NORTH GARO HILLS",25047,25047,100.00,"10/8/2024 12:00:00 AM"
15,Meghalaya,329,295,"SOUTH GARO HILLS",21660,21660,100.00,"10/8/2024 12:00:00 AM"
15,Meghalaya,734,713,"SOUTH WEST KHASI HILLS",16994,16994,100.00,"10/8/2024 12:00:00 AM"
15,Meghalaya,732,299,"WEST JAINTIA HILLS",44039,44039,100.00,"10/8/2024 12:00:00 AM"
16,Mizoram,333,284,CHAMPHAI,7672,7672,100.00,"10/8/2024 12:00:00 AM"
16,Mizoram,337,282,KOLASIB,7913,7913,100.00,"10/8/2024 12:00:00 AM"
17,Nagaland,340,270,KOHIMA,18075,18075,100.00,"10/8/2024 12:00:00 AM"
17,Nagaland,341,262,MOKOKCHUNG,25931,25931,100.00,"10/8/2024 12:00:00 AM"
17,Nagaland,1393,792,Noklak,8443,8443,100.00,"10/8/2024 12:00:00 AM"
17,Nagaland,1392,820,Shamator,7028,7028,100.00,"10/8/2024 12:00:00 AM"
17,Nagaland,345,264,WOKHA,12256,12256,100.00,"10/8/2024 12:00:00 AM"
18,Odisha,353,370,BARGARH,295959,295959,100.00,"10/8/2024 12:00:00 AM"
18,Odisha,360,389,GAJAPATI,97005,97005,100.00,"10/8/2024 12:00:00 AM"
18,Odisha,365,395,KALAHANDI,266709,266709,100.00,"10/8/2024 12:00:00 AM"
18,Odisha,370,398,KORAPUT,248331,248331,100.00,"10/8/2024 12:00:00 AM"
18,Odisha,376,387,PURI,304789,304789,100.00,"10/8/2024 12:00:00 AM"
18,Odisha,379,392,SONEPUR,127928,127928,100.00,"10/8/2024 12:00:00 AM"
19,Punjab,393,044,MUKTSAR,145501,145501,100.00,"10/8/2024 12:00:00 AM"
20,Rajasthan,407,115,BARMER,376266,376266,100.00,"10/8/2024 12:00:00 AM"
20,Rajasthan,414,109,DAUSA,203389,203389,100.00,"10/8/2024 12:00:00 AM"
20,Rajasthan,428,118,PALI,314522,314522,100.00,"10/8/2024 12:00:00 AM"
20,Rajasthan,435,131,PRATAPGARH,135341,135341,100.00,"10/8/2024 12:00:00 AM"
20,Rajasthan,432,108,"SAWAI MADHOPUR",153606,153606,100.00,"10/8/2024 12:00:00 AM"
20,Rajasthan,430,111,SIKAR,427246,427246,100.00,"10/8/2024 12:00:00 AM"
21,Sikkim,437,241,MANGAN,7255,7255,100.00,"10/8/2024 12:00:00 AM"
22,"Tamil Nadu",447,613,KARUR,167930,167930,100.00,"10/8/2024 12:00:00 AM"
22,"Tamil Nadu",450,609,NAMAKKAL,259503,259503,100.00,"10/8/2024 12:00:00 AM"
22,"Tamil Nadu",453,626,RAMANATHAPURAM,244623,244623,100.00,"10/8/2024 12:00:00 AM"
22,"Tamil Nadu",1354,786,RANIPET,163926,163926,100.00,"10/8/2024 12:00:00 AM"
22,"Tamil Nadu",455,622,SIVAGANGA,229468,229468,100.00,"10/8/2024 12:00:00 AM"
22,"Tamil Nadu",463,614,TIRUCHIRAPPALLI,314593,314593,100.00,"10/8/2024 12:00:00 AM"
36,Telangana,670,540,HANUMAKONDA,90037,90037,100.00,"10/8/2024 12:00:00 AM"
36,Telangana,710,750,"JAYASHANKAR BHUPALAPALLY",86229,86229,100.00,"10/8/2024 12:00:00 AM"
36,Telangana,714,751,MAHABUBABAD,148518,148518,100.00,"10/8/2024 12:00:00 AM"
36,Telangana,666,535,MEDAK,125817,125817,100.00,"10/8/2024 12:00:00 AM"
36,Telangana,716,742,MEDCHAL,22683,22683,100.00,"10/8/2024 12:00:00 AM"
36,Telangana,667,539,NALGONDA,210634,210634,100.00,"10/8/2024 12:00:00 AM"
36,Telangana,1351,781,NARAYANPET,78521,78521,100.00,"10/8/2024 12:00:00 AM"
36,Telangana,726,749,WARANGAL,121478,121478,100.00,"10/8/2024 12:00:00 AM"
23,Tripura,478,709,GOMATI,95879,95879,100.00,"10/8/2024 12:00:00 AM"
23,Tripura,477,707,SEPAHIJALA,116326,116326,100.00,"10/8/2024 12:00:00 AM"
23,Tripura,474,290,"SOUTH TRIPURA",81632,81632,100.00,"10/8/2024 12:00:00 AM"
24,"Uttar Pradesh",485,191,AZAMGARH,541183,541183,100.00,"10/8/2024 12:00:00 AM"
24,"Uttar Pradesh",487,139,BAGPAT,215976,215976,100.00,"10/8/2024 12:00:00 AM"
24,"Uttar Pradesh",488,180,BAHRAICH,411174,411174,100.00,"10/8/2024 12:00:00 AM"
24,"Uttar Pradesh",492,176,BARABANKI,402536,402536,100.00,"10/8/2024 12:00:00 AM"
24,"Uttar Pradesh",496,142,BULANDSHAHR,405908,405908,100.00,"10/8/2024 12:00:00 AM"
24,"Uttar Pradesh",498,196,CHANDAULI,286099,286099,100.00,"10/8/2024 12:00:00 AM"
24,"Uttar Pradesh",503,159,FARRUKHABAD,271281,271281,100.00,"10/8/2024 12:00:00 AM"
24,"Uttar Pradesh",507,140,GHAZIABAD,103033,103033,100.00,"10/8/2024 12:00:00 AM"
24,"Uttar Pradesh",509,183,GONDA,398869,398869,100.00,"10/8/2024 12:00:00 AM"
24,"Uttar Pradesh",518,164,"KANPUR NAGAR",273595,273595,100.00,"10/8/2024 12:00:00 AM"
24,"Uttar Pradesh",520,174,KAUSHAMBI,347027,347027,100.00,"10/8/2024 12:00:00 AM"
24,"Uttar Pradesh",536,158,"RAE BARELI",381908,381908,100.00,"10/8/2024 12:00:00 AM"
24,"Uttar Pradesh",543,184,SIDDHARTHNAGAR,238279,238279,100.00,"10/8/2024 12:00:00 AM"
24,"Uttar Pradesh",546,179,SULTANPUR,291946,291946,100.00,"10/8/2024 12:00:00 AM"
33,Uttarakhand,598,063,BAGESHWAR,54862,54862,100.00,"10/8/2024 12:00:00 AM"
33,Uttarakhand,606,058,RUDRAPRAYAG,52689,52689,100.00,"10/8/2024 12:00:00 AM"
33,Uttarakhand,607,059,"TEHRI GARHWAL",116664,116664,100.00,"10/8/2024 12:00:00 AM"
25,"West Bengal",560,327,DARJEELING,219477,219477,100.00,"10/8/2024 12:00:00 AM"
25,"West Bengal",566,333,MURSHIDABAD,1257702,1257702,100.00,"10/8/2024 12:00:00 AM"
25,"West Bengal",571,330,"UTTAR DINAJPUR",362317,362317,100.00,"10/8/2024 12:00:00 AM"
1,"Andhra Pradesh",1370,808,ELURU,330610,330610,100.00,"10/8/2024 12:00:00 AM"
1,"Andhra Pradesh",5,548,GUNTUR,190047,190047,100.00,"10/8/2024 12:00:00 AM"
1,"Andhra Pradesh",9,549,PRAKASAM,324103,324103,100.00,"10/8/2024 12:00:00 AM"
2,"Arunachal Pradesh",16,247,"EAST KAMENG",8735,8735,100.00,"10/8/2024 12:00:00 AM"
2,"Arunachal Pradesh",24,249,"UPPER SUBANSIRI",13105,13105,100.00,"10/8/2024 12:00:00 AM"
3,Assam,35,301,DHUBRI,284562,284562,100.00,"10/8/2024 12:00:00 AM"
3,Assam,47,315,"DIMA HASAO",26535,26535,100.00,"10/8/2024 12:00:00 AM"
3,Assam,39,318,HAILAKANDI,135176,135176,100.00,"10/8/2024 12:00:00 AM"
3,Assam,40,312,JORHAT,162792,162792,100.00,"10/8/2024 12:00:00 AM"
3,Assam,41,321,KAMRUP,291079,291079,100.00,"10/8/2024 12:00:00 AM"
3,Assam,56,322,"KAMRUP METROPOLITAN",48902,48902,100.00,"10/8/2024 12:00:00 AM"
3,Assam,44,300,KOKRAJHAR,195105,195105,100.00,"10/8/2024 12:00:00 AM"
3,Assam,46,304,MORIGAON,155500,155500,100.00,"10/8/2024 12:00:00 AM"
3,Assam,1395,816,Tamulpur,81666,81666,100.00,"10/8/2024 12:00:00 AM"
3,Assam,55,326,UDALGURI,165918,165918,100.00,"10/8/2024 12:00:00 AM"
4,Bihar,60,222,BEGUSARAI,401539,401539,100.00,"10/8/2024 12:00:00 AM"
4,Bihar,67,215,DARBHANGA,603362,603362,100.00,"10/8/2024 12:00:00 AM"
4,Bihar,73,223,KHAGARIA,195337,195337,100.00,"10/8/2024 12:00:00 AM"
4,Bihar,81,237,NAWADA,214535,214535,100.00,"10/8/2024 12:00:00 AM"
4,Bihar,82,230,PATNA,538398,538398,100.00,"10/8/2024 12:00:00 AM"
4,Bihar,86,221,SAMASTIPUR,531908,531908,100.00,"10/8/2024 12:00:00 AM"
4,Bihar,92,208,SUPAUL,372885,372885,100.00,"10/8/2024 12:00:00 AM"
34,Chhattisgarh,626,417,BIJAPUR,19129,19129,100.00,"10/8/2024 12:00:00 AM"
34,Chhattisgarh,610,406,BILASPUR,239509,239509,100.00,"10/8/2024 12:00:00 AM"
34,Chhattisgarh,611,416,DANTEWADA,43600,43600,100.00,"10/8/2024 12:00:00 AM"
34,Chhattisgarh,1365,791,"Gaurella Pendra Marwahi",89645,89645,100.00,"10/8/2024 12:00:00 AM"
34,Chhattisgarh,614,405,"JANJGIR - CHAMPA",176259,176259,100.00,"10/8/2024 12:00:00 AM"
34,Chhattisgarh,1379,822,MANENDRAGARH-CHIRMIRI-BHARATPUR,67513,67513,100.00,"10/8/2024 12:00:00 AM"
34,Chhattisgarh,1381,823,"MOHALA-MANPUR-AMBAGARH CHOWKI",57169,57169,100.00,"10/8/2024 12:00:00 AM"
6,Gujarat,99,482,ANAND,273273,273273,100.00,"10/8/2024 12:00:00 AM"
6,Gujarat,102,481,BHAVNAGAR,224397,224397,100.00,"10/8/2024 12:00:00 AM"
6,Gujarat,104,489,DANGS,24452,24452,100.00,"10/8/2024 12:00:00 AM"
6,Gujarat,127,728,"DEVBHOOMI DWARKA",62980,62980,100.00,"10/8/2024 12:00:00 AM"
6,Gujarat,117,472,"SABAR KANTHA",188008,188008,100.00,"10/8/2024 12:00:00 AM"
6,Gujarat,118,492,SURAT,240909,240909,100.00,"10/8/2024 12:00:00 AM"
7,Haryana,142,069,PANCHKULA,29289,29289,100.00,"10/8/2024 12:00:00 AM"
8,"Himachal Pradesh",151,030,BILASPUR,88071,88071,100.00,"10/8/2024 12:00:00 AM"
8,"Himachal Pradesh",152,023,CHAMBA,113582,113582,100.00,"10/8/2024 12:00:00 AM"
8,"Himachal Pradesh",156,026,KULLU,86036,86036,100.00,"10/8/2024 12:00:00 AM"
9,"Jammu & Kashmir",165,002,BUDGAM,93796,93796,100.00,"10/8/2024 12:00:00 AM"
9,"Jammu & Kashmir",176,019,UDHAMPUR,72936,72936,100.00,"10/8/2024 12:00:00 AM"
35,Jharkhand,644,349,GIRIDIH,265110,265110,100.00,"10/8/2024 12:00:00 AM"
35,Jharkhand,655,363,JAMTARA,118198,118198,100.00,"10/8/2024 12:00:00 AM"
35,Jharkhand,650,353,PAKUR,188930,188930,100.00,"10/8/2024 12:00:00 AM"
10,Karnataka,188,555,BELAGAVI,526439,526439,100.00,"10/8/2024 12:00:00 AM"
10,Karnataka,198,561,GADAG,128392,128392,100.00,"10/8/2024 12:00:00 AM"
10,Karnataka,207,559,RAICHUR,251466,251466,100.00,"10/8/2024 12:00:00 AM"
10,Karnataka,213,584,RAMANAGARA,166658,166658,100.00,"10/8/2024 12:00:00 AM"
10,Karnataka,208,568,SHIVAMOGGA,223633,223633,100.00,"10/8/2024 12:00:00 AM"
10,Karnataka,210,569,UDUPI,185865,185865,100.00,"10/8/2024 12:00:00 AM"
10,Karnataka,191,557,VIJAYAPUR,249817,249817,100.00,"10/8/2024 12:00:00 AM"
11,Kerala,220,600,KOLLAM,334488,334488,100.00,"10/8/2024 12:00:00 AM"
11,Kerala,224,593,PALAKKAD,442240,442240,100.00,"10/8/2024 12:00:00 AM"
11,Kerala,225,599,PATHANAMTHITTA,219589,219589,100.00,"10/8/2024 12:00:00 AM"
12,"Madhya Pradesh",275,459,ASHOKNAGAR,90020,90020,100.00,"10/8/2024 12:00:00 AM"
12,"Madhya Pradesh",240,453,DINDORI,133476,133476,100.00,"10/8/2024 12:00:00 AM"
12,"Madhya Pradesh",246,451,JABALPUR,186244,186244,100.00,"10/8/2024 12:00:00 AM"
12,"Madhya Pradesh",248,450,KATNI,187909,187909,100.00,"10/8/2024 12:00:00 AM"
12,"Madhya Pradesh",255,432,NEEMUCH,94579,94579,100.00,"10/8/2024 12:00:00 AM"
12,"Madhya Pradesh",265,460,SHAHDOL,149879,149879,100.00,"10/8/2024 12:00:00 AM"
12,"Madhya Pradesh",266,436,SHAJAPUR,149384,149384,100.00,"10/8/2024 12:00:00 AM"
12,"Madhya Pradesh",270,424,TIKAMGARH,134568,134568,100.00,"10/8/2024 12:00:00 AM"
13,Maharashtra,280,522,AHMEDNAGAR,629807,629807,100.00,"10/8/2024 12:00:00 AM"
13,Maharashtra,282,503,AMRAVATI,348258,348258,100.00,"10/8/2024 12:00:00 AM"
13,Maharashtra,287,509,CHANDRAPUR,294654,294654,100.00,"10/8/2024 12:00:00 AM"
13,Maharashtra,311,497,NANDURBAR,231835,231835,100.00,"10/8/2024 12:00:00 AM"
13,Maharashtra,297,525,OSMANABAD,221773,221773,100.00,"10/8/2024 12:00:00 AM"
13,Maharashtra,299,521,PUNE,548493,548493,100.00,"10/8/2024 12:00:00 AM"
13,Maharashtra,304,529,SINDHUDURG,175451,175451,100.00,"10/8/2024 12:00:00 AM"
13,Maharashtra,313,502,WASHIM,190150,190150,100.00,"10/8/2024 12:00:00 AM"
14,Manipur,316,275,BISHNUPUR,33004,33004,100.00,"10/8/2024 12:00:00 AM"
14,Manipur,756,771,NONEY,11492,11492,100.00,"10/8/2024 12:00:00 AM"
14,Manipur,320,272,SENAPATI,42625,42625,100.00,"10/8/2024 12:00:00 AM"
14,Manipur,322,276,THOUBAL,42302,42302,100.00,"10/8/2024 12:00:00 AM"
14,Manipur,323,279,UKHRUL,30969,30969,100.00,"10/8/2024 12:00:00 AM"
15,Meghalaya,325,294,"EAST GARO HILLS",20818,20818,100.00,"10/8/2024 12:00:00 AM"
15,Meghalaya,326,298,"EAST KHASI HILLS",90930,90930,100.00,"10/8/2024 12:00:00 AM"
15,Meghalaya,328,297,"RI BHOI",43906,43906,100.00,"10/8/2024 12:00:00 AM"
16,Mizoram,1386,793,HnahThial,5204,5204,100.00,"10/8/2024 12:00:00 AM"
16,Mizoram,338,285,SERCHHIP,6714,6714,100.00,"10/8/2024 12:00:00 AM"
17,Nagaland,1391,818,Chumoukedima,8901,8901,100.00,"10/8/2024 12:00:00 AM"
17,Nagaland,347,265,DIMAPUR,25507,25507,100.00,"10/8/2024 12:00:00 AM"
17,Nagaland,349,269,KIPHIRE,16180,16180,100.00,"10/8/2024 12:00:00 AM"
17,Nagaland,350,268,LONGLENG,8094,8094,100.00,"10/8/2024 12:00:00 AM"
17,Nagaland,344,267,TUENSANG,13417,13417,100.00,"10/8/2024 12:00:00 AM"
18,Odisha,354,378,BHADRAK,243904,243904,100.00,"10/8/2024 12:00:00 AM"
18,Odisha,357,381,CUTTACK,396546,396546,100.00,"10/8/2024 12:00:00 AM"
18,Odisha,372,376,MAYURBHANJ,447464,447464,100.00,"10/8/2024 12:00:00 AM"
18,Odisha,375,385,NAYAGARH,232732,232732,100.00,"10/8/2024 12:00:00 AM"
18,Odisha,373,394,NUAPADA,129859,129859,100.00,"10/8/2024 12:00:00 AM"
19,Punjab,383,045,FARIDKOT,69921,69921,100.00,"10/8/2024 12:00:00 AM"
19,Punjab,401,701,FAZILKA,88128,88128,100.00,"10/8/2024 12:00:00 AM"
19,Punjab,396,051,RUPNAGAR,85547,85547,100.00,"10/8/2024 12:00:00 AM"
19,Punjab,399,052,"S.A.S Nagar",70842,70842,100.00,"10/8/2024 12:00:00 AM"
20,Rajasthan,405,125,BANSWARA,255326,255326,100.00,"10/8/2024 12:00:00 AM"
20,Rajasthan,408,105,BHARATPUR,296281,296281,100.00,"10/8/2024 12:00:00 AM"
20,Rajasthan,412,126,CHITTORGARH,245177,245177,100.00,"10/8/2024 12:00:00 AM"
20,Rajasthan,420,114,JAISALMER,101101,101101,100.00,"10/8/2024 12:00:00 AM"
20,Rajasthan,421,116,JALOR,304092,304092,100.00,"10/8/2024 12:00:00 AM"
20,Rajasthan,422,129,JHALAWAR,225455,225455,100.00,"10/8/2024 12:00:00 AM"
20,Rajasthan,434,130,UDAIPUR,517301,517301,100.00,"10/8/2024 12:00:00 AM"
21,Sikkim,436,244,GANGTOK,8511,8511,100.00,"10/8/2024 12:00:00 AM"
22,"Tamil Nadu",470,616,Ariyalur,165248,165248,100.00,"10/8/2024 12:00:00 AM"
22,"Tamil Nadu",441,617,CUDDALORE,420234,420234,100.00,"10/8/2024 12:00:00 AM"
22,"Tamil Nadu",443,612,DINDIGUL,376731,376731,100.00,"10/8/2024 12:00:00 AM"
22,"Tamil Nadu",444,610,ERODE,270830,270830,100.00,"10/8/2024 12:00:00 AM"
22,"Tamil Nadu",468,631,KRISHNAGIRI,329397,329397,100.00,"10/8/2024 12:00:00 AM"
22,"Tamil Nadu",448,623,MADURAI,318567,318567,100.00,"10/8/2024 12:00:00 AM"
22,"Tamil Nadu",449,618,NAGAPATTINAM,146580,146580,100.00,"10/8/2024 12:00:00 AM"
22,"Tamil Nadu",457,611,NILGIRIS(UDHAGAMANDALAM),79982,79982,100.00,"10/8/2024 12:00:00 AM"
22,"Tamil Nadu",451,615,PERAMBALUR,108346,108346,100.00,"10/8/2024 12:00:00 AM"
22,"Tamil Nadu",466,625,VIRUDHUNAGAR,312537,312537,100.00,"10/8/2024 12:00:00 AM"
36,Telangana,721,740,SANGAREDDY,195148,195148,100.00,"10/8/2024 12:00:00 AM"
36,Telangana,724,743,VIKARABAD,115409,115409,100.00,"10/8/2024 12:00:00 AM"
24,"Uttar Pradesh",480,146,AGRA,326323,326323,100.00,"10/8/2024 12:00:00 AM"
24,"Uttar Pradesh",551,706,AMETHI,277652,277652,100.00,"10/8/2024 12:00:00 AM"
24,"Uttar Pradesh",493,150,BAREILLY,405912,405912,100.00,"10/8/2024 12:00:00 AM"
24,"Uttar Pradesh",486,149,BUDAUN,381438,381438,100.00,"10/8/2024 12:00:00 AM"
24,"Uttar Pradesh",500,201,ETAH,221054,221054,100.00,"10/8/2024 12:00:00 AM"
24,"Uttar Pradesh",506,141,"GAUTAM BUDDHA NAGAR",31351,31351,100.00,"10/8/2024 12:00:00 AM"
24,"Uttar Pradesh",510,188,GORAKHPUR,555047,555047,100.00,"10/8/2024 12:00:00 AM"
24,"Uttar Pradesh",554,705,HAPUR,132131,132131,100.00,"10/8/2024 12:00:00 AM"
24,"Uttar Pradesh",514,165,JALAUN,254383,254383,100.00,"10/8/2024 12:00:00 AM"
24,"Uttar Pradesh",515,194,JAUNPUR,530743,530743,100.00,"10/8/2024 12:00:00 AM"
24,"Uttar Pradesh",516,166,JHANSI,183837,183837,100.00,"10/8/2024 12:00:00 AM"
24,"Uttar Pradesh",533,189,KUSHINAGAR,462620,462620,100.00,"10/8/2024 12:00:00 AM"
24,"Uttar Pradesh",521,167,LALITPUR,176993,176993,100.00,"10/8/2024 12:00:00 AM"
24,"Uttar Pradesh",522,157,LUCKNOW,224534,224534,100.00,"10/8/2024 12:00:00 AM"
24,"Uttar Pradesh",525,187,MAHARAJGANJ,318082,318082,100.00,"10/8/2024 12:00:00 AM"
24,"Uttar Pradesh",531,135,MORADABAD,312409,312409,100.00,"10/8/2024 12:00:00 AM"
24,"Uttar Pradesh",532,133,MUZAFFARNAGAR,317285,317285,100.00,"10/8/2024 12:00:00 AM"
24,"Uttar Pradesh",534,151,PILIBHIT,317363,317363,100.00,"10/8/2024 12:00:00 AM"
24,"Uttar Pradesh",535,173,PRATAPGARH,422377,422377,100.00,"10/8/2024 12:00:00 AM"
24,"Uttar Pradesh",482,175,PRAYAGRAJ,627944,627944,100.00,"10/8/2024 12:00:00 AM"
24,"Uttar Pradesh",537,136,RAMPUR,275726,275726,100.00,"10/8/2024 12:00:00 AM"
24,"Uttar Pradesh",545,200,SONBHADRA,265138,265138,100.00,"10/8/2024 12:00:00 AM"
33,Uttarakhand,605,062,PITHORAGARH,98016,98016,100.00,"10/8/2024 12:00:00 AM"
33,Uttarakhand,609,056,UTTARKASHI,59413,59413,100.00,"10/8/2024 12:00:00 AM"
25,"West Bengal",555,339,BANKURA,519991,519991,100.00,"10/8/2024 12:00:00 AM"
25,"West Bengal",562,341,HOWRAH,602062,602062,100.00,"10/8/2024 12:00:00 AM"
25,"West Bengal",564,332,MALDA,523981,523981,100.00,"10/8/2024 12:00:00 AM"
25,"West Bengal",557,335,"PURBA BARDHAMAN",923780,923780,100.00,"10/8/2024 12:00:00 AM"
25,"West Bengal",570,340,PURULIA,503339,503339,100.00,"10/8/2024 12:00:00 AM"
1,"Andhra Pradesh",1366,805,"ALLURI SITHARAMA RAJU",208634,208634,100.00,"10/8/2024 12:00:00 AM"
1,"Andhra Pradesh",1367,804,ANAKAPALLI,300884,300884,100.00,"10/8/2024 12:00:00 AM"
1,"Andhra Pradesh",4,545,"EAST GODAVARI",279904,279904,100.00,"10/8/2024 12:00:00 AM"
1,"Andhra Pradesh",1371,806,KAKINADA,311188,311188,100.00,"10/8/2024 12:00:00 AM"
1,"Andhra Pradesh",1372,807,KONASEEMA,293903,293903,100.00,"10/8/2024 12:00:00 AM"
1,"Andhra Pradesh",1374,809,NTR,198517,198517,100.00,"10/8/2024 12:00:00 AM"
1,"Andhra Pradesh",11,544,VISAKHAPATNAM,36259,36259,100.00,"10/8/2024 12:00:00 AM"
2,"Arunachal Pradesh",15,257,"DIBANG VALLEY",1271,1271,100.00,"10/8/2024 12:00:00 AM"
2,"Arunachal Pradesh",728,763,KRA-DAADI,7781,7781,100.00,"10/8/2024 12:00:00 AM"
2,"Arunachal Pradesh",27,258,"LOWER DIBANG VALLEY",5930,5930,100.00,"10/8/2024 12:00:00 AM"
2,"Arunachal Pradesh",758,779,"LOWER SIANG",3787,3787,100.00,"10/8/2024 12:00:00 AM"
2,"Arunachal Pradesh",20,248,"PAPUM PARE",14236,14236,100.00,"10/8/2024 12:00:00 AM"
2,"Arunachal Pradesh",731,764,SIANG,5725,5725,100.00,"10/8/2024 12:00:00 AM"
2,"Arunachal Pradesh",21,245,TAWANG,8343,8343,100.00,"10/8/2024 12:00:00 AM"
3,Assam,31,319,BONGAIGAON,108128,108128,100.00,"10/8/2024 12:00:00 AM"
3,Assam,32,316,CACHAR,239992,239992,100.00,"10/8/2024 12:00:00 AM"
3,Assam,740,755,CHARAIDEO,68872,68872,100.00,"10/8/2024 12:00:00 AM"
3,Assam,37,302,GOALPARA,187898,187898,100.00,"10/8/2024 12:00:00 AM"
3,Assam,38,313,GOLAGHAT,201075,201075,100.00,"10/8/2024 12:00:00 AM"
3,Assam,742,760,MAJULI,31786,31786,100.00,"10/8/2024 12:00:00 AM"
3,Assam,48,305,NAGAON,277097,277097,100.00,"10/8/2024 12:00:00 AM"
3,Assam,743,758,"SOUTH SALMARA MANCACHAR",72374,72374,100.00,"10/8/2024 12:00:00 AM"
4,Bihar,57,209,ARARIA,421942,421942,100.00,"10/8/2024 12:00:00 AM"
4,Bihar,94,240,ARWAL,108485,108485,100.00,"10/8/2024 12:00:00 AM"
4,Bihar,58,235,AURANGABAD,342708,342708,100.00,"10/8/2024 12:00:00 AM"
4,Bihar,68,236,GAYA,607536,607536,100.00,"10/8/2024 12:00:00 AM"
4,Bihar,71,239,JEHANABAD,135474,135474,100.00,"10/8/2024 12:00:00 AM"
4,Bihar,61,233,KAIMUR(BHABUA),305803,305803,100.00,"10/8/2024 12:00:00 AM"
4,Bihar,87,219,SARAN,481882,481882,100.00,"10/8/2024 12:00:00 AM"
34,Chhattisgarh,635,716,BALRAMPUR,175476,175476,100.00,"10/8/2024 12:00:00 AM"
34,Chhattisgarh,636,718,BEMETARA,150604,150604,100.00,"10/8/2024 12:00:00 AM"
34,Chhattisgarh,612,412,DHAMTARI,157932,157932,100.00,"10/8/2024 12:00:00 AM"
34,Chhattisgarh,616,413,KANKER,181323,181323,100.00,"10/8/2024 12:00:00 AM"
34,Chhattisgarh,617,404,KORBA,258666,258666,100.00,"10/8/2024 12:00:00 AM"
34,Chhattisgarh,627,415,NARAYANPUR,19380,19380,100.00,"10/8/2024 12:00:00 AM"
34,Chhattisgarh,621,410,RAIPUR,154401,154401,100.00,"10/8/2024 12:00:00 AM"
34,Chhattisgarh,1380,824,SAKTI,144275,144275,100.00,"10/8/2024 12:00:00 AM"
38,"D & N Haveli and Daman & Diu",580,496,"DADRA AND NAGAR HAVELI",33324,33324,100.00,"10/8/2024 12:00:00 AM"
38,"D & N Haveli and Daman & Diu",581,495,DAMAN,1296,1296,100.00,"10/8/2024 12:00:00 AM"
6,Gujarat,126,726,BOTAD,76228,76228,100.00,"10/8/2024 12:00:00 AM"
6,Gujarat,124,729,"GIR SOMNATH",95411,95411,100.00,"10/8/2024 12:00:00 AM"
6,Gujarat,121,490,NAVSARI,185091,185091,100.00,"10/8/2024 12:00:00 AM"
6,Gujarat,113,484,"PANCH MAHALS",159063,159063,100.00,"10/8/2024 12:00:00 AM"
6,Gujarat,114,470,PATAN,170879,170879,100.00,"10/8/2024 12:00:00 AM"
6,Gujarat,119,475,SURENDRANAGAR,164333,164333,100.00,"10/8/2024 12:00:00 AM"
6,Gujarat,112,486,VADODARA,169667,169667,100.00,"10/8/2024 12:00:00 AM"
7,Haryana,135,080,HISAR,139560,139560,100.00,"10/8/2024 12:00:00 AM"
7,Haryana,136,083,JHAJJAR,122629,122629,100.00,"10/8/2024 12:00:00 AM"
7,Haryana,137,077,JIND,131019,131019,100.00,"10/8/2024 12:00:00 AM"
7,Haryana,138,073,KAITHAL,139917,139917,100.00,"10/8/2024 12:00:00 AM"
7,Haryana,141,084,MAHENDRAGARH,109125,109125,100.00,"10/8/2024 12:00:00 AM"
7,Haryana,146,079,SIRSA,177620,177620,100.00,"10/8/2024 12:00:00 AM"
8,"Himachal Pradesh",154,024,KANGRA,325886,325886,100.00,"10/8/2024 12:00:00 AM"
8,"Himachal Pradesh",160,032,SIRMAUR,91570,91570,100.00,"10/8/2024 12:00:00 AM"
8,"Himachal Pradesh",161,031,SOLAN,91390,91390,100.00,"10/8/2024 12:00:00 AM"
9,"Jammu & Kashmir",163,014,ANANTNAG,111517,111517,100.00,"10/8/2024 12:00:00 AM"
9,"Jammu & Kashmir",180,009,BANDIPORA,44664,44664,100.00,"10/8/2024 12:00:00 AM"
9,"Jammu & Kashmir",164,008,BARAMULLA,132070,132070,100.00,"10/8/2024 12:00:00 AM"
9,"Jammu & Kashmir",169,007,KATHUA,84503,84503,100.00,"10/8/2024 12:00:00 AM"
9,"Jammu & Kashmir",184,020,REASI,51243,51243,100.00,"10/8/2024 12:00:00 AM"
9,"Jammu & Kashmir",181,022,SAMBA,50564,50564,100.00,"10/8/2024 12:00:00 AM"
35,Jharkhand,641,362,DUMKA,196535,196535,100.00,"10/8/2024 12:00:00 AM"
35,Jharkhand,643,346,GARHWA,195334,195334,100.00,"10/8/2024 12:00:00 AM"
35,Jharkhand,648,348,KODERMA,81626,81626,100.00,"10/8/2024 12:00:00 AM"
35,Jharkhand,657,359,LATEHAR,122111,122111,100.00,"10/8/2024 12:00:00 AM"
35,Jharkhand,649,356,LOHARDAGA,67776,67776,100.00,"10/8/2024 12:00:00 AM"
35,Jharkhand,651,358,PALAMU,261147,261147,100.00,"10/8/2024 12:00:00 AM"
35,Jharkhand,654,368,"PASCHIM SINGHBHUM",162313,162313,100.00,"10/8/2024 12:00:00 AM"
10,Karnataka,185,556,BAGALKOT,218903,218903,100.00,"10/8/2024 12:00:00 AM"
10,Karnataka,187,572,"BENGALURU URBAN",163288,163288,100.00,"10/8/2024 12:00:00 AM"
10,Karnataka,193,570,CHIKKAMAGALURU,180730,180730,100.00,"10/8/2024 12:00:00 AM"
10,Karnataka,201,564,HAVERI,192311,192311,100.00,"10/8/2024 12:00:00 AM"
10,Karnataka,195,575,"MANGALORE(DAKSHINA KANNADA)",237567,237567,100.00,"10/8/2024 12:00:00 AM"
10,Karnataka,211,563,"UTTARA KANNADA",225291,225291,100.00,"10/8/2024 12:00:00 AM"
10,Karnataka,1362,798,VIJAYANAGARA,170401,170401,100.00,"10/8/2024 12:00:00 AM"
11,Kerala,221,597,KOTTAYAM,331682,331682,100.00,"10/8/2024 12:00:00 AM"
37,Ladakh,168,004,KARGIL,16017,16017,100.00,"10/8/2024 12:00:00 AM"
12,"Madhya Pradesh",274,461,ANUPPUR,113232,113232,100.00,"10/8/2024 12:00:00 AM"
12,"Madhya Pradesh",231,447,BETUL,208136,208136,100.00,"10/8/2024 12:00:00 AM"
12,"Madhya Pradesh",233,444,BHOPAL,80562,80562,100.00,"10/8/2024 12:00:00 AM"
12,"Madhya Pradesh",234,425,CHHATARPUR,201637,201637,100.00,"10/8/2024 12:00:00 AM"
12,"Madhya Pradesh",235,455,CHHINDWARA,325153,325153,100.00,"10/8/2024 12:00:00 AM"
12,"Madhya Pradesh",237,422,DATIA,76298,76298,100.00,"10/8/2024 12:00:00 AM"
12,"Madhya Pradesh",243,448,HARDA,85547,85547,100.00,"10/8/2024 12:00:00 AM"
12,"Madhya Pradesh",245,439,INDORE,154474,154474,100.00,"10/8/2024 12:00:00 AM"
12,"Madhya Pradesh",249,466,"KHANDWA(EAST NIMAR)",194254,194254,100.00,"10/8/2024 12:00:00 AM"
12,"Madhya Pradesh",250,440,KHARGONE,236296,236296,100.00,"10/8/2024 12:00:00 AM"
12,"Madhya Pradesh",251,454,MANDLA,204631,204631,100.00,"10/8/2024 12:00:00 AM"
12,"Madhya Pradesh",253,419,MORENA,147386,147386,100.00,"10/8/2024 12:00:00 AM"
12,"Madhya Pradesh",257,446,RAISEN,195753,195753,100.00,"10/8/2024 12:00:00 AM"
12,"Madhya Pradesh",258,442,RAJGARH,171857,171857,100.00,"10/8/2024 12:00:00 AM"
12,"Madhya Pradesh",260,430,REWA,352393,352393,100.00,"10/8/2024 12:00:00 AM"
12,"Madhya Pradesh",268,462,SIDHI,168281,168281,100.00,"10/8/2024 12:00:00 AM"
12,"Madhya Pradesh",273,443,VIDISHA,183295,183295,100.00,"10/8/2024 12:00:00 AM"
13,Maharashtra,283,515,AURANGABAD,359223,359223,100.00,"10/8/2024 12:00:00 AM"
13,Maharashtra,286,500,BULDHANA,345976,345976,100.00,"10/8/2024 12:00:00 AM"
13,Maharashtra,289,508,GADCHIROLI,184398,184398,100.00,"10/8/2024 12:00:00 AM"
13,Maharashtra,290,499,JALGAON,467953,467953,100.00,"10/8/2024 12:00:00 AM"
13,Maharashtra,291,514,JALNA,252439,252439,100.00,"10/8/2024 12:00:00 AM"
13,Maharashtra,307,504,WARDHA,192818,192818,100.00,"10/8/2024 12:00:00 AM"
13,Maharashtra,308,510,YAVATMAL,420185,420185,100.00,"10/8/2024 12:00:00 AM"
14,Manipur,753,768,KAKCHING,20272,20272,100.00,"10/8/2024 12:00:00 AM"
14,Manipur,757,772,PHERZAWL,8005,8005,100.00,"10/8/2024 12:00:00 AM"
14,Manipur,754,769,TENGNOUPAL,11474,11474,100.00,"10/8/2024 12:00:00 AM"
15,Meghalaya,331,296,"WEST KHASI HILLS",27717,27717,100.00,"10/8/2024 12:00:00 AM"
16,Mizoram,332,283,AIZAWL,12512,12512,100.00,"10/8/2024 12:00:00 AM"
17,Nagaland,342,261,MON,29620,29620,100.00,"10/8/2024 12:00:00 AM"
17,Nagaland,348,271,PEREN,13482,13482,100.00,"10/8/2024 12:00:00 AM"
18,Odisha,352,377,BALESWAR,518578,518578,100.00,"10/8/2024 12:00:00 AM"
18,Odisha,358,373,DEBAGARH,67061,67061,100.00,"10/8/2024 12:00:00 AM"
18,Odisha,359,383,DHENKANAL,252249,252249,100.00,"10/8/2024 12:00:00 AM"
18,Odisha,362,380,JAGATSINGHAPUR,245661,245661,100.00,"10/8/2024 12:00:00 AM"
18,Odisha,374,397,NABARANGAPUR,241789,241789,100.00,"10/8/2024 12:00:00 AM"
18,Odisha,378,372,SAMBALPUR,161383,161383,100.00,"10/8/2024 12:00:00 AM"
19,Punjab,386,035,GURDASPUR,182227,182227,100.00,"10/8/2024 12:00:00 AM"
19,Punjab,387,038,HOSHIARPUR,216088,216088,100.00,"10/8/2024 12:00:00 AM"
19,Punjab,390,041,LUDHIANA,260186,260186,100.00,"10/8/2024 12:00:00 AM"
20,Rajasthan,406,128,BARAN,159692,159692,100.00,"10/8/2024 12:00:00 AM"
20,Rajasthan,409,122,BHILWARA,489374,489374,100.00,"10/8/2024 12:00:00 AM"
20,Rajasthan,410,101,BIKANER,260551,260551,100.00,"10/8/2024 12:00:00 AM"
20,Rajasthan,413,102,CHURU,262996,262996,100.00,"10/8/2024 12:00:00 AM"
20,Rajasthan,416,124,DUNGARPUR,257208,257208,100.00,"10/8/2024 12:00:00 AM"
20,Rajasthan,418,100,HANUMANGARH,254962,254962,100.00,"10/8/2024 12:00:00 AM"
20,Rajasthan,423,103,JHUNJHUNU,315466,315466,100.00,"10/8/2024 12:00:00 AM"
20,Rajasthan,424,113,JODHPUR,419791,419791,100.00,"10/8/2024 12:00:00 AM"
20,Rajasthan,429,123,RAJSAMAND,199189,199184,100.00,"10/8/2024 12:00:00 AM"
21,Sikkim,1363,801,Pakyong,10080,10080,100.00,"10/8/2024 12:00:00 AM"
21,Sikkim,1364,802,Soreng,7551,7551,100.00,"10/8/2024 12:00:00 AM"
22,"Tamil Nadu",1356,787,CHENGALPATTU,248054,248054,100.00,"10/8/2024 12:00:00 AM"
22,"Tamil Nadu",440,632,COIMBATORE,223918,223918,100.00,"10/8/2024 12:00:00 AM"
22,"Tamil Nadu",1353,789,KALLAKURICHI,254959,254959,100.00,"10/8/2024 12:00:00 AM"
22,"Tamil Nadu",446,629,KANYAKUMARI(NAGERCOIL),151859,151859,100.00,"10/8/2024 12:00:00 AM"
22,"Tamil Nadu",458,624,THENI,144453,144453,100.00,"10/8/2024 12:00:00 AM"
22,"Tamil Nadu",467,627,THOOTHUKUDI,252736,252736,100.00,"10/8/2024 12:00:00 AM"
22,"Tamil Nadu",461,602,TIRUVALLUR,325311,325311,100.00,"10/8/2024 12:00:00 AM"
22,"Tamil Nadu",459,606,TIRUVANNAMALAI,457059,457059,100.00,"10/8/2024 12:00:00 AM"
36,Telangana,661,532,ADILABAD,84597,84597,100.00,"10/8/2024 12:00:00 AM"
36,Telangana,707,753,"BADRADRI KOTHAGUDEM",143477,143477,100.00,"10/8/2024 12:00:00 AM"
36,Telangana,664,541,KHAMMAM,225651,225651,100.00,"10/8/2024 12:00:00 AM"
36,Telangana,665,538,MAHBUBNAGAR,106724,106724,100.00,"10/8/2024 12:00:00 AM"
36,Telangana,1352,780,MULUGU,64117,64117,100.00,"10/8/2024 12:00:00 AM"
36,Telangana,668,533,NIZAMABAD,217583,217583,100.00,"10/8/2024 12:00:00 AM"
36,Telangana,669,537,RANGAREDDI,157119,157119,100.00,"10/8/2024 12:00:00 AM"
36,Telangana,727,747,YADADRI,118898,118898,100.00,"10/8/2024 12:00:00 AM"
23,Tripura,479,710,UNAKOTI,46361,46361,100.00,"10/8/2024 12:00:00 AM"
24,"Uttar Pradesh",481,143,ALIGARH,312703,312703,100.00,"10/8/2024 12:00:00 AM"
24,"Uttar Pradesh",484,162,AURAIYA,205121,205121,100.00,"10/8/2024 12:00:00 AM"
24,"Uttar Pradesh",502,177,AYODHYA,262405,262405,100.00,"10/8/2024 12:00:00 AM"
24,"Uttar Pradesh",490,182,BALRAMPUR,233424,233424,100.00,"10/8/2024 12:00:00 AM"
24,"Uttar Pradesh",495,134,BIJNOR,470390,470390,100.00,"10/8/2024 12:00:00 AM"
24,"Uttar Pradesh",508,195,GHAZIPUR,545759,545759,100.00,"10/8/2024 12:00:00 AM"
24,"Uttar Pradesh",511,168,HAMIRPUR,168590,168590,100.00,"10/8/2024 12:00:00 AM"
24,"Uttar Pradesh",523,144,HATHRAS,188176,188176,100.00,"10/8/2024 12:00:00 AM"
24,"Uttar Pradesh",517,160,KANNAUJ,235265,235265,100.00,"10/8/2024 12:00:00 AM"
24,"Uttar Pradesh",519,163,"KANPUR DEHAT",307119,307119,100.00,"10/8/2024 12:00:00 AM"
24,"Uttar Pradesh",524,169,MAHOBA,137680,137680,100.00,"10/8/2024 12:00:00 AM"
24,"Uttar Pradesh",529,138,MEERUT,241720,241720,100.00,"10/8/2024 12:00:00 AM"
24,"Uttar Pradesh",542,152,SHAHJAHANPUR,384196,384196,100.00,"10/8/2024 12:00:00 AM"
24,"Uttar Pradesh",544,154,SITAPUR,542732,542732,100.00,"10/8/2024 12:00:00 AM"
24,"Uttar Pradesh",547,156,UNNAO,437849,437849,100.00,"10/8/2024 12:00:00 AM"
33,Uttarakhand,601,060,DEHRADUN,103366,103366,100.00,"10/8/2024 12:00:00 AM"
33,Uttarakhand,602,068,HARIDWAR,214041,214041,100.00,"10/8/2024 12:00:00 AM"
25,"West Bengal",558,329,"COOCH BEHAR",654997,654997,100.00,"10/8/2024 12:00:00 AM"
25,"West Bengal",565,345,"MIDNAPUR EAST",926995,926995,100.00,"10/8/2024 12:00:00 AM"
25,"West Bengal",573,344,"MIDNAPUR WEST",731301,731301,100.00,"10/8/2024 12:00:00 AM"
25,"West Bengal",567,336,NADIA,973305,973305,100.00,"10/8/2024 12:00:00 AM"
25,"West Bengal",568,337,"NORTH 24 PARAGANAS",972013,972013,100.00,"10/8/2024 12:00:00 AM"
25,"West Bengal",738,777,"PASCHIM BARDHAMAN",186607,186607,100.00,"10/8/2024 12:00:00 AM"
1,"Andhra Pradesh",3,551,CUDDAPAH,222008,222008,100.00,"10/8/2024 12:00:00 AM"
1,"Andhra Pradesh",7,552,KURNOOL,304290,304290,100.00,"10/8/2024 12:00:00 AM"
1,"Andhra Pradesh",1373,815,NANDYAL,249184,249184,100.00,"10/8/2024 12:00:00 AM"
1,"Andhra Pradesh",1376,803,"PARVATHIPURAM MANYAM",171084,171084,100.00,"10/8/2024 12:00:00 AM"
1,"Andhra Pradesh",1377,814,"Sri Sathya Sai",271473,271473,100.00,"10/8/2024 12:00:00 AM"
2,"Arunachal Pradesh",14,253,CHANGLANG,14957,14957,100.00,"10/8/2024 12:00:00 AM"
2,"Arunachal Pradesh",761,784,"LAPA RADA",2847,2847,100.00,"10/8/2024 12:00:00 AM"
2,"Arunachal Pradesh",18,259,LOHIT,6284,6284,100.00,"10/8/2024 12:00:00 AM"
2,"Arunachal Pradesh",729,761,LONGDING,8494,8494,100.00,"10/8/2024 12:00:00 AM"
2,"Arunachal Pradesh",730,762,NAMSAI,16048,16048,100.00,"10/8/2024 12:00:00 AM"
2,"Arunachal Pradesh",760,783,PAKKE-KESSANG,2480,2480,100.00,"10/8/2024 12:00:00 AM"
2,"Arunachal Pradesh",23,252,"UPPER SIANG",5013,5013,100.00,"10/8/2024 12:00:00 AM"
2,"Arunachal Pradesh",25,246,"WEST KAMENG",14506,14506,100.00,"10/8/2024 12:00:00 AM"
2,"Arunachal Pradesh",26,250,"WEST SIANG",4982,4982,100.00,"10/8/2024 12:00:00 AM"
3,Assam,1384,799,BAJALI,51813,51813,100.00,"10/8/2024 12:00:00 AM"
3,Assam,53,324,BAKSA,127435,127435,100.00,"10/8/2024 12:00:00 AM"
3,Assam,54,320,CHIRANG,108888,108888,100.00,"10/8/2024 12:00:00 AM"
3,Assam,33,325,DARRANG,177750,177750,100.00,"10/8/2024 12:00:00 AM"
3,Assam,49,323,NALBARI,158516,158516,100.00,"10/8/2024 12:00:00 AM"
3,Assam,50,311,SIVASAGAR,128224,128224,100.00,"10/8/2024 12:00:00 AM"
3,Assam,744,759,"WEST KARBI ANGLONG",39444,39444,100.00,"10/8/2024 12:00:00 AM"
4,Bihar,59,225,BANKA,289786,289786,100.00,"10/8/2024 12:00:00 AM"
4,Bihar,62,224,BHAGALPUR,357792,357792,100.00,"10/8/2024 12:00:00 AM"
4,Bihar,63,231,BHOJPUR,406616,406616,100.00,"10/8/2024 12:00:00 AM"
4,Bihar,70,238,JAMUI,269979,269979,100.00,"10/8/2024 12:00:00 AM"
4,Bihar,72,212,KATIHAR,382970,382970,100.00,"10/8/2024 12:00:00 AM"
4,Bihar,78,226,MUNGER,196361,196361,100.00,"10/8/2024 12:00:00 AM"
4,Bihar,80,229,NALANDA,300016,300016,100.00,"10/8/2024 12:00:00 AM"
4,Bihar,66,203,"PASHCHIM CHAMPARAN",583889,583889,100.00,"10/8/2024 12:00:00 AM"
4,Bihar,83,211,PURNIA,400456,400456,100.00,"10/8/2024 12:00:00 AM"
4,Bihar,88,205,SHEOHAR,148628,148628,100.00,"10/8/2024 12:00:00 AM"
34,Chhattisgarh,632,719,BALOD,166377,166377,100.00,"10/8/2024 12:00:00 AM"
34,Chhattisgarh,613,409,DURG,124653,124653,100.00,"10/8/2024 12:00:00 AM"
34,Chhattisgarh,631,720,GARIYABAND,156218,156218,100.00,"10/8/2024 12:00:00 AM"
34,Chhattisgarh,624,407,KAWARDHA(KABIRDHAM),191319,191319,100.00,"10/8/2024 12:00:00 AM"
34,Chhattisgarh,1383,825,SARANGARH-BILAIGARH,155648,155648,100.00,"10/8/2024 12:00:00 AM"
34,Chhattisgarh,628,723,SUKMA,31720,31720,100.00,"10/8/2024 12:00:00 AM"
34,Chhattisgarh,634,715,SURAJPUR,166404,166404,100.00,"10/8/2024 12:00:00 AM"
5,Goa,95,585,"NORTH GOA",71676,71676,100.00,"10/8/2024 12:00:00 AM"
6,Gujarat,100,469,"BANAS KANTHA",340355,340355,100.00,"10/8/2024 12:00:00 AM"
6,Gujarat,101,488,BHARUCH,190983,190983,100.00,"10/8/2024 12:00:00 AM"
6,Gujarat,103,485,DAHOD,253707,253707,100.00,"10/8/2024 12:00:00 AM"
6,Gujarat,109,468,KACHCHH,105845,105845,100.00,"10/8/2024 12:00:00 AM"
6,Gujarat,128,730,MAHISAGAR,88758,88758,100.00,"10/8/2024 12:00:00 AM"
6,Gujarat,129,727,MORBI,109307,109307,100.00,"10/8/2024 12:00:00 AM"
6,Gujarat,115,478,PORBANDAR,58077,58077,100.00,"10/8/2024 12:00:00 AM"
6,Gujarat,116,476,RAJKOT,235737,235737,100.00,"10/8/2024 12:00:00 AM"
6,Gujarat,120,491,VALSAD,108574,108574,100.00,"10/8/2024 12:00:00 AM"
7,Haryana,131,081,BHIWANI,155602,155602,100.00,"10/8/2024 12:00:00 AM"
7,Haryana,133,078,FATEHABAD,131174,131174,100.00,"10/8/2024 12:00:00 AM"
7,Haryana,134,086,GURGAON,53523,53523,100.00,"10/8/2024 12:00:00 AM"
7,Haryana,139,074,KARNAL,190671,190671,100.00,"10/8/2024 12:00:00 AM"
7,Haryana,149,087,Nuh,119473,119473,100.00,"10/8/2024 12:00:00 AM"
7,Haryana,147,076,SONIPAT,166518,166518,100.00,"10/8/2024 12:00:00 AM"
8,"Himachal Pradesh",153,028,HAMIRPUR,117360,117360,100.00,"10/8/2024 12:00:00 AM"
8,"Himachal Pradesh",157,025,"LAHAUL & SPITI",6285,6285,100.00,"10/8/2024 12:00:00 AM"
8,"Himachal Pradesh",162,029,UNA,107787,107787,100.00,"10/8/2024 12:00:00 AM"
9,"Jammu & Kashmir",183,011,GANDERBAL,37227,37227,100.00,"10/8/2024 12:00:00 AM"
9,"Jammu & Kashmir",177,018,KISHTWAR,41527,41527,100.00,"10/8/2024 12:00:00 AM"
9,"Jammu & Kashmir",179,015,KULGAM,51212,51212,100.00,"10/8/2024 12:00:00 AM"
9,"Jammu & Kashmir",172,005,POONCH,73034,73034,100.00,"10/8/2024 12:00:00 AM"
9,"Jammu & Kashmir",174,006,RAJAURI,103027,103027,100.00,"10/8/2024 12:00:00 AM"
9,"Jammu & Kashmir",175,010,SRINAGAR,4612,4612,100.00,"10/8/2024 12:00:00 AM"
35,Jharkhand,637,355,BOKARO,167122,167122,100.00,"10/8/2024 12:00:00 AM"
35,Jharkhand,638,347,CHATRA,158217,158217,100.00,"10/8/2024 12:00:00 AM"
35,Jharkhand,645,351,GODDA,146809,146809,100.00,"10/8/2024 12:00:00 AM"
35,Jharkhand,642,357,"PURBI SINGHBHUM",182364,182364,100.00,"10/8/2024 12:00:00 AM"
35,Jharkhand,659,361,RAMGARH,91643,91643,100.00,"10/8/2024 12:00:00 AM"
35,Jharkhand,653,352,SAHIBGANJ,200150,200150,100.00,"10/8/2024 12:00:00 AM"
35,Jharkhand,658,367,SIMDEGA,97913,97913,100.00,"10/8/2024 12:00:00 AM"
10,Karnataka,192,578,CHAMARAJANAGARA,175758,175758,100.00,"10/8/2024 12:00:00 AM"
10,Karnataka,196,567,DAVANGERE,210448,210448,100.00,"10/8/2024 12:00:00 AM"
10,Karnataka,197,562,DHARWAD,140735,140735,100.00,"10/8/2024 12:00:00 AM"
10,Karnataka,199,579,KALABURAGI,211528,211528,100.00,"10/8/2024 12:00:00 AM"
11,Kerala,215,598,ALAPPUZHA,394667,394667,100.00,"10/8/2024 12:00:00 AM"
11,Kerala,217,596,IDUKKI,185302,185302,100.00,"10/8/2024 12:00:00 AM"
11,Kerala,219,588,KASARGOD,141807,141807,100.00,"10/8/2024 12:00:00 AM"
11,Kerala,223,592,MALAPPURAM,566814,566814,100.00,"10/8/2024 12:00:00 AM"
11,Kerala,226,601,THIRUVANANTHAPURAM,380593,380593,100.00,"10/8/2024 12:00:00 AM"
31,Lakshadweep,592,587,LAKSHADWEEP,10850,10850,100.00,"10/8/2024 12:00:00 AM"
12,"Madhya Pradesh",241,458,GUNA,133600,133600,100.00,"10/8/2024 12:00:00 AM"
12,"Madhya Pradesh",242,421,GWALIOR,107351,107351,100.00,"10/8/2024 12:00:00 AM"
12,"Madhya Pradesh",244,449,HOSHANGABAD,163339,163339,100.00,"10/8/2024 12:00:00 AM"
12,"Madhya Pradesh",247,464,JHABUA,174060,174060,100.00,"10/8/2024 12:00:00 AM"
12,"Madhya Pradesh",1385,782,NIWARI,48170,48170,100.00,"10/8/2024 12:00:00 AM"
12,"Madhya Pradesh",262,429,SATNA,338805,338805,100.00,"10/8/2024 12:00:00 AM"
12,"Madhya Pradesh",278,463,SINGRAULI,132327,132327,100.00,"10/8/2024 12:00:00 AM"
12,"Madhya Pradesh",272,431,UMARIA,94825,94825,100.00,"10/8/2024 12:00:00 AM"
13,Maharashtra,295,511,NANDED,409829,409829,100.00,"10/8/2024 12:00:00 AM"
13,Maharashtra,300,520,RAIGAD,334749,334749,100.00,"10/8/2024 12:00:00 AM"
13,Maharashtra,303,527,SATARA,463232,463232,100.00,"10/8/2024 12:00:00 AM"
14,Manipur,317,280,CHANDEL,12905,12905,100.00,"10/8/2024 12:00:00 AM"
14,Manipur,318,274,CHURACHANDPUR,42161,42161,100.00,"10/8/2024 12:00:00 AM"
14,Manipur,324,277,"IMPHAL WEST",45725,45725,100.00,"10/8/2024 12:00:00 AM"
15,Meghalaya,1389,800,"EASTERN WEST KHASI HILLS",18356,18356,100.00,"10/8/2024 12:00:00 AM"
15,Meghalaya,733,711,"SOUTH WEST GARO HILLS",28115,28115,100.00,"10/8/2024 12:00:00 AM"
15,Meghalaya,330,293,"WEST GARO HILLS",81910,81910,100.00,"10/8/2024 12:00:00 AM"
16,Mizoram,1387,795,KHAWZAWL,4218,4218,100.00,"10/8/2024 12:00:00 AM"
16,Mizoram,334,286,LUNGLEI,22461,22461,100.00,"10/8/2024 12:00:00 AM"
16,Mizoram,335,281,MAMIT,11826,11826,100.00,"10/8/2024 12:00:00 AM"
17,Nagaland,343,266,PHEK,29751,29751,100.00,"10/8/2024 12:00:00 AM"
18,Odisha,356,391,BOUDH,87060,87060,100.00,"10/8/2024 12:00:00 AM"
18,Odisha,364,371,JHARSUGUDA,74650,74650,100.00,"10/8/2024 12:00:00 AM"
18,Odisha,366,390,KANDHAMAL,135937,135937,100.00,"10/8/2024 12:00:00 AM"
18,Odisha,371,399,MALKANGIRI,110828,110828,100.00,"10/8/2024 12:00:00 AM"
32,Puducherry,594,635,PONDICHERRY,65355,65355,100.00,"10/8/2024 12:00:00 AM"
19,Punjab,381,049,AMRITSAR,156386,156386,100.00,"10/8/2024 12:00:00 AM"
19,Punjab,398,054,BARNALA,59037,59037,100.00,"10/8/2024 12:00:00 AM"
19,Punjab,382,046,BATHINDA,133229,133229,100.00,"10/8/2024 12:00:00 AM"
19,Punjab,385,043,FEROZEPUR,104806,104806,100.00,"10/8/2024 12:00:00 AM"
19,Punjab,389,036,KAPURTHALA,97279,97279,100.00,"10/8/2024 12:00:00 AM"
19,Punjab,1151,797,MALERKOTLA,37993,37993,100.00,"10/8/2024 12:00:00 AM"
19,Punjab,391,047,MANSA,93596,93596,100.00,"10/8/2024 12:00:00 AM"
19,Punjab,392,042,MOGA,130917,130917,100.00,"10/8/2024 12:00:00 AM"
19,Punjab,402,773,PATHANKOT,65555,65555,100.00,"10/8/2024 12:00:00 AM"
19,Punjab,395,048,PATIALA,191665,191665,100.00,"10/8/2024 12:00:00 AM"
19,Punjab,397,053,SANGRUR,152120,152120,100.00,"10/8/2024 12:00:00 AM"
20,Rajasthan,403,119,AJMER,364195,364195,100.00,"10/8/2024 12:00:00 AM"
20,Rajasthan,417,099,GANGANAGAR,173504,173504,100.00,"10/8/2024 12:00:00 AM"
20,Rajasthan,419,110,JAIPUR,633185,633185,100.00,"10/8/2024 12:00:00 AM"
20,Rajasthan,425,107,KARAULI,202052,202052,100.00,"10/8/2024 12:00:00 AM"
20,Rajasthan,426,127,KOTA,131517,131517,100.00,"10/8/2024 12:00:00 AM"
20,Rajasthan,427,112,NAGAUR,573326,573326,100.00,"10/8/2024 12:00:00 AM"
21,Sikkim,439,242,GYALSHING,7478,7478,100.00,"10/8/2024 12:00:00 AM"
22,"Tamil Nadu",442,630,DHARMAPURI,264088,264088,100.00,"10/8/2024 12:00:00 AM"
22,"Tamil Nadu",445,604,KANCHIPURAM,163367,163367,100.00,"10/8/2024 12:00:00 AM"
22,"Tamil Nadu",1361,796,Mayiladuthurai,168166,168166,100.00,"10/8/2024 12:00:00 AM"
22,"Tamil Nadu",452,621,PUDUKKOTTAI,281866,281866,100.00,"10/8/2024 12:00:00 AM"
22,"Tamil Nadu",454,608,SALEM,495173,495173,100.00,"10/8/2024 12:00:00 AM"
22,"Tamil Nadu",1355,788,TIRUPATHUR,159231,159231,100.00,"10/8/2024 12:00:00 AM"
22,"Tamil Nadu",471,633,TIRUPPUR,260508,260508,100.00,"10/8/2024 12:00:00 AM"
22,"Tamil Nadu",464,605,VELLORE,173720,173720,100.00,"10/8/2024 12:00:00 AM"
22,"Tamil Nadu",465,607,VILLUPURAM,380597,380597,100.00,"10/8/2024 12:00:00 AM"
36,Telangana,708,737,JAGTIAL,182178,182178,100.00,"10/8/2024 12:00:00 AM"
36,Telangana,709,752,JANGAON,105225,105225,100.00,"10/8/2024 12:00:00 AM"
36,Telangana,711,744,"JOGULAMBA GADWAL",76792,76792,100.00,"10/8/2024 12:00:00 AM"
36,Telangana,663,534,KARIMNAGAR,152237,152237,100.00,"10/8/2024 12:00:00 AM"
36,Telangana,713,733,"KOMARAM BHEEM ASIFABAD",79923,79923,100.00,"10/8/2024 12:00:00 AM"
36,Telangana,717,746,NAGARKURNOOL,121546,121546,100.00,"10/8/2024 12:00:00 AM"
36,Telangana,718,734,NIRMAL,97445,97445,100.00,"10/8/2024 12:00:00 AM"
36,Telangana,719,738,PEDDAPALLI,110957,110957,100.00,"10/8/2024 12:00:00 AM"
36,Telangana,720,739,"RAJANNA SIRICILLA",101672,101672,100.00,"10/8/2024 12:00:00 AM"
36,Telangana,722,741,SIDDIPET,170431,170431,100.00,"10/8/2024 12:00:00 AM"
23,Tripura,473,292,"NORTH TRIPURA",62167,62167,100.00,"10/8/2024 12:00:00 AM"
24,"Uttar Pradesh",497,171,CHITRAKOOT,140144,140144,100.00,"10/8/2024 12:00:00 AM"
24,"Uttar Pradesh",504,172,FATEHPUR,296309,296309,100.00,"10/8/2024 12:00:00 AM"
24,"Uttar Pradesh",505,147,FIROZABAD,240466,240466,100.00,"10/8/2024 12:00:00 AM"
24,"Uttar Pradesh",549,153,"LAKHIMPUR KHERI",517013,517013,100.00,"10/8/2024 12:00:00 AM"
24,"Uttar Pradesh",527,145,MATHURA,219695,219695,100.00,"10/8/2024 12:00:00 AM"
24,"Uttar Pradesh",528,192,MAU,219634,219634,100.00,"10/8/2024 12:00:00 AM"
24,"Uttar Pradesh",530,199,MIRZAPUR,376352,376352,100.00,"10/8/2024 12:00:00 AM"
24,"Uttar Pradesh",539,132,SAHARANPUR,343701,343701,100.00,"10/8/2024 12:00:00 AM"
24,"Uttar Pradesh",548,197,VARANASI,320986,320986,100.00,"10/8/2024 12:00:00 AM"
33,Uttarakhand,597,064,ALMORA,126768,126768,100.00,"10/8/2024 12:00:00 AM"
33,Uttarakhand,599,057,CHAMOLI,69104,69104,100.00,"10/8/2024 12:00:00 AM"
33,Uttarakhand,600,065,CHAMPAWAT,47330,47330,100.00,"10/8/2024 12:00:00 AM"
25,"West Bengal",575,774,ALIPUDUAR,299061,299061,100.00,"10/8/2024 12:00:00 AM"
25,"West Bengal",559,331,"DAKSHIN DINAJPUR",320229,320229,100.00,"10/8/2024 12:00:00 AM"
25,"West Bengal",563,328,JALPAIGURI,321363,321363,100.00,"10/8/2024 12:00:00 AM"
25,"West Bengal",737,776,JHARGRAM,175191,175191,100.00,"10/8/2024 12:00:00 AM"
25,"West Bengal",569,343,"SOUTH 24 PARAGANAS",1468486,1468486,100.00,"10/8/2024 12:00:00 AM"
26,"A & N Islands",577,638,NICOBARS,1362,1362,100.00,"10/8/2024 12:00:00 AM"
1,"Andhra Pradesh",1,553,ANANTAPUR,281595,281595,100.00,"10/8/2024 12:00:00 AM"
1,"Andhra Pradesh",1369,810,BAPATLA,297278,297278,100.00,"10/8/2024 12:00:00 AM"
1,"Andhra Pradesh",2,554,CHITTOOR,285789,285789,100.00,"10/8/2024 12:00:00 AM"
1,"Andhra Pradesh",6,547,KRISHNA,290779,290779,100.00,"10/8/2024 12:00:00 AM"
1,"Andhra Pradesh",10,542,SRIKAKULAM,328389,328389,100.00,"10/8/2024 12:00:00 AM"
1,"Andhra Pradesh",12,543,VIZIANAGARAM,336312,336312,100.00,"10/8/2024 12:00:00 AM"
1,"Andhra Pradesh",13,546,"WEST GODAVARI",220247,220247,100.00,"10/8/2024 12:00:00 AM"
2,"Arunachal Pradesh",28,256,"KURUNG KUMEY",6939,6939,100.00,"10/8/2024 12:00:00 AM"
2,"Arunachal Pradesh",19,255,"LOWER SUBANSIRI",7279,7279,100.00,"10/8/2024 12:00:00 AM"
2,"Arunachal Pradesh",22,254,TIRAP,7490,7490,100.00,"10/8/2024 12:00:00 AM"
3,Assam,739,756,BISWANATH,140505,140505,100.00,"10/8/2024 12:00:00 AM"
3,Assam,51,306,SONITPUR,199449,199449,100.00,"10/8/2024 12:00:00 AM"
3,Assam,52,309,TINSUKIA,168934,168934,100.00,"10/8/2024 12:00:00 AM"
4,Bihar,69,217,GOPALGANJ,362510,362510,100.00,"10/8/2024 12:00:00 AM"
4,Bihar,76,213,MADHEPURA,296703,296703,100.00,"10/8/2024 12:00:00 AM"
4,Bihar,79,216,MUZAFFARPUR,602206,602206,100.00,"10/8/2024 12:00:00 AM"
4,Bihar,65,204,"PURBA CHAMPARAN",752391,752391,100.00,"10/8/2024 12:00:00 AM"
4,Bihar,89,228,SHEIKHPURA,95654,95654,100.00,"10/8/2024 12:00:00 AM"
4,Bihar,90,206,SITAMARHI,438463,438463,100.00,"10/8/2024 12:00:00 AM"
34,Chhattisgarh,625,414,BASTAR(JAGDALPUR),184587,184587,100.00,"10/8/2024 12:00:00 AM"
34,Chhattisgarh,629,722,KONDAGAON,123056,123056,100.00,"10/8/2024 12:00:00 AM"
34,Chhattisgarh,618,400,KORIYA,46542,46542,100.00,"10/8/2024 12:00:00 AM"
34,Chhattisgarh,622,408,RAJNANDGAON,131704,131704,100.00,"10/8/2024 12:00:00 AM"
38,"D & N Haveli and Daman & Diu",582,494,DIU,429,429,100.00,"10/8/2024 12:00:00 AM"
6,Gujarat,125,725,ARAVALLI,123612,123612,100.00,"10/8/2024 12:00:00 AM"
6,Gujarat,123,731,CHHOTAUDEPUR,134276,134276,100.00,"10/8/2024 12:00:00 AM"
6,Gujarat,105,473,GANDHINAGAR,108418,108418,100.00,"10/8/2024 12:00:00 AM"
6,Gujarat,110,471,MEHSANA,284874,284874,100.00,"10/8/2024 12:00:00 AM"
6,Gujarat,122,493,TAPI,77575,77575,100.00,"10/8/2024 12:00:00 AM"
7,Haryana,736,765,"CHARKI DADRI",81572,81572,100.00,"10/8/2024 12:00:00 AM"
7,Haryana,140,072,KURUKSHETRA,107863,107863,100.00,"10/8/2024 12:00:00 AM"
7,Haryana,150,089,PALWAL,111024,111024,100.00,"10/8/2024 12:00:00 AM"
8,"Himachal Pradesh",155,034,KINNAUR,16372,16372,100.00,"10/8/2024 12:00:00 AM"
8,"Himachal Pradesh",158,027,MANDI,231650,231650,100.00,"10/8/2024 12:00:00 AM"
9,"Jammu & Kashmir",167,021,JAMMU,145806,145806,100.00,"10/8/2024 12:00:00 AM"
35,Jharkhand,646,366,GUMLA,166193,166193,100.00,"10/8/2024 12:00:00 AM"
35,Jharkhand,647,360,HAZARIBAGH,232145,232145,100.00,"10/8/2024 12:00:00 AM"
35,Jharkhand,652,364,RANCHI,252617,252617,100.00,"10/8/2024 12:00:00 AM"
10,Karnataka,189,565,BALLARI,130228,130228,100.00,"10/8/2024 12:00:00 AM"
10,Karnataka,212,582,CHIKKABALLAPURA,206937,206937,100.00,"10/8/2024 12:00:00 AM"
10,Karnataka,204,560,KOPPAL,156123,156123,100.00,"10/8/2024 12:00:00 AM"
10,Karnataka,205,573,MANDYA,341911,341911,100.00,"10/8/2024 12:00:00 AM"
10,Karnataka,206,577,MYSURU,386543,386543,100.00,"10/8/2024 12:00:00 AM"
10,Karnataka,214,580,YADGIR,120883,120883,100.00,"10/8/2024 12:00:00 AM"
11,Kerala,218,589,KANNUR,339253,339253,100.00,"10/8/2024 12:00:00 AM"
11,Kerala,228,590,WAYANAD,110819,110819,100.00,"10/8/2024 12:00:00 AM"
37,Ladakh,171,003,"LEH (LADAKH)",15130,15130,100.00,"10/8/2024 12:00:00 AM"
12,"Madhya Pradesh",277,465,ALIRAJPUR,108928,108928,100.00,"10/8/2024 12:00:00 AM"
12,"Madhya Pradesh",229,457,BALAGHAT,273670,273670,100.00,"10/8/2024 12:00:00 AM"
12,"Madhya Pradesh",238,437,DEWAS,205927,205927,100.00,"10/8/2024 12:00:00 AM"
12,"Madhya Pradesh",254,452,NARSINGHPUR,185601,185601,100.00,"10/8/2024 12:00:00 AM"
12,"Madhya Pradesh",256,426,PANNA,138604,138604,100.00,"10/8/2024 12:00:00 AM"
12,"Madhya Pradesh",261,427,SAGAR,258207,258207,100.00,"10/8/2024 12:00:00 AM"
12,"Madhya Pradesh",263,445,SEHORE,204162,204162,100.00,"10/8/2024 12:00:00 AM"
12,"Madhya Pradesh",267,423,SHIVPURI,187656,187656,100.00,"10/8/2024 12:00:00 AM"
12,"Madhya Pradesh",271,435,UJJAIN,211646,211646,100.00,"10/8/2024 12:00:00 AM"
13,Maharashtra,281,501,AKOLA,193774,193774,100.00,"10/8/2024 12:00:00 AM"
13,Maharashtra,284,523,BEED,325297,325297,100.00,"10/8/2024 12:00:00 AM"
13,Maharashtra,288,498,DHULE,251851,251851,100.00,"10/8/2024 12:00:00 AM"
13,Maharashtra,310,507,GONDIA,210801,210801,100.00,"10/8/2024 12:00:00 AM"
13,Maharashtra,294,505,NAGPUR,285399,285399,100.00,"10/8/2024 12:00:00 AM"
13,Maharashtra,309,732,PALGHAR,293973,293973,100.00,"10/8/2024 12:00:00 AM"
13,Maharashtra,298,513,PARBHANI,210100,210100,100.00,"10/8/2024 12:00:00 AM"
13,Maharashtra,302,531,SANGLI,343975,343975,100.00,"10/8/2024 12:00:00 AM"
13,Maharashtra,305,526,SOLAPUR,425214,425214,100.00,"10/8/2024 12:00:00 AM"
14,Manipur,752,767,KANGPOKPI,32327,32327,100.00,"10/8/2024 12:00:00 AM"
16,Mizoram,339,287,LAWNGTLAI,24261,24261,100.00,"10/8/2024 12:00:00 AM"
16,Mizoram,336,288,SAIHA,10969,10969,100.00,"10/8/2024 12:00:00 AM"
16,Mizoram,1388,794,SAITUAL,7538,7538,100.00,"10/8/2024 12:00:00 AM"
17,Nagaland,1390,819,Niuland,4020,4020,100.00,"10/8/2024 12:00:00 AM"
17,Nagaland,1394,817,Tseminyu,7463,7463,100.00,"10/8/2024 12:00:00 AM"
17,Nagaland,346,263,ZUNHEBOTO,27985,27985,100.00,"10/8/2024 12:00:00 AM"
18,Odisha,351,384,ANGUL,221933,221933,100.00,"10/8/2024 12:00:00 AM"
18,Odisha,355,393,BALANGIR,346910,346910,100.00,"10/8/2024 12:00:00 AM"
18,Odisha,361,388,GANJAM,565455,565455,100.00,"10/8/2024 12:00:00 AM"
18,Odisha,363,382,JAJAPUR,303503,303503,100.00,"10/8/2024 12:00:00 AM"
18,Odisha,367,379,KENDRAPARA,264517,264517,100.00,"10/8/2024 12:00:00 AM"
18,Odisha,368,375,KENDUJHAR,319583,319583,100.00,"10/8/2024 12:00:00 AM"
18,Odisha,369,386,KHORDHA,215925,215925,100.00,"10/8/2024 12:00:00 AM"
18,Odisha,377,396,RAYAGADA,183741,183741,100.00,"10/8/2024 12:00:00 AM"
18,Odisha,380,374,SUNDARGARH,260859,260859,100.00,"10/8/2024 12:00:00 AM"
32,Puducherry,593,637,KARAIKAL,22808,22808,100.00,"10/8/2024 12:00:00 AM"
19,Punjab,384,040,"FATEHGARH SAHIB",58802,58802,100.00,"10/8/2024 12:00:00 AM"
19,Punjab,388,037,JALANDHAR,196742,196742,100.00,"10/8/2024 12:00:00 AM"
19,Punjab,394,039,"Shahid Bhagat Singh Nagar",97700,97700,100.00,"10/8/2024 12:00:00 AM"
19,Punjab,400,050,"Tarn Taran",120035,120035,100.00,"10/8/2024 12:00:00 AM"
20,Rajasthan,404,104,ALWAR,528415,528415,100.00,"10/8/2024 12:00:00 AM"
20,Rajasthan,411,121,BUNDI,168641,168641,100.00,"10/8/2024 12:00:00 AM"
20,Rajasthan,415,106,DHOLPUR,116027,116027,100.00,"10/8/2024 12:00:00 AM"
20,Rajasthan,431,117,SIROHI,160366,160366,100.00,"10/8/2024 12:00:00 AM"
20,Rajasthan,433,120,TONK,173939,173939,100.00,"10/8/2024 12:00:00 AM"
21,Sikkim,438,243,NAMCHI,14414,14414,100.00,"10/8/2024 12:00:00 AM"
22,"Tamil Nadu",1357,790,TENKASI,228873,228873,100.00,"10/8/2024 12:00:00 AM"
22,"Tamil Nadu",456,620,THANJAVUR,378956,378956,100.00,"10/8/2024 12:00:00 AM"
22,"Tamil Nadu",460,628,TIRUNELVELI,209295,209295,100.00,"10/8/2024 12:00:00 AM"
22,"Tamil Nadu",462,619,TIRUVARUR,237893,237893,100.00,"10/8/2024 12:00:00 AM"
36,Telangana,712,736,KAMAREDDY,152139,152139,100.00,"10/8/2024 12:00:00 AM"
36,Telangana,715,735,MANCHERIAL,101474,101474,100.00,"10/8/2024 12:00:00 AM"
36,Telangana,723,748,SURYAPET,143721,143721,100.00,"10/8/2024 12:00:00 AM"
36,Telangana,725,745,WANAPARTHY,71709,71709,100.00,"10/8/2024 12:00:00 AM"
23,Tripura,472,291,DHALAI,74815,74815,100.00,"10/8/2024 12:00:00 AM"
23,Tripura,476,708,KHOWAI,63118,63118,100.00,"10/8/2024 12:00:00 AM"
23,Tripura,475,289,"WEST TRIPURA",101327,101327,100.00,"10/8/2024 12:00:00 AM"
24,"Uttar Pradesh",483,178,"AMBEDKAR NAGAR",265479,265479,100.00,"10/8/2024 12:00:00 AM"
24,"Uttar Pradesh",513,137,AMROHA,259533,259533,100.00,"10/8/2024 12:00:00 AM"
24,"Uttar Pradesh",489,193,BALLIA,539892,539892,100.00,"10/8/2024 12:00:00 AM"
24,"Uttar Pradesh",491,170,BANDA,244783,244783,100.00,"10/8/2024 12:00:00 AM"
24,"Uttar Pradesh",494,185,BASTI,281167,281167,100.00,"10/8/2024 12:00:00 AM"
24,"Uttar Pradesh",538,198,BHADOHI,225930,225930,100.00,"10/8/2024 12:00:00 AM"
24,"Uttar Pradesh",499,190,DEORIA,376345,376345,100.00,"10/8/2024 12:00:00 AM"
24,"Uttar Pradesh",501,161,ETAWAH,220988,220988,100.00,"10/8/2024 12:00:00 AM"
24,"Uttar Pradesh",512,155,HARDOI,515500,515500,100.00,"10/8/2024 12:00:00 AM"
24,"Uttar Pradesh",550,202,KASGANJ,180440,180440,100.00,"10/8/2024 12:00:00 AM"
24,"Uttar Pradesh",526,148,MAINPURI,253742,253742,100.00,"10/8/2024 12:00:00 AM"
24,"Uttar Pradesh",552,754,SAMBHAL,284843,284843,100.00,"10/8/2024 12:00:00 AM"
24,"Uttar Pradesh",540,186,"SANT KABIR NAGAR",295127,295127,100.00,"10/8/2024 12:00:00 AM"
24,"Uttar Pradesh",553,704,SHAMLI,153424,153424,100.00,"10/8/2024 12:00:00 AM"
24,"Uttar Pradesh",541,181,SHRAVASTI,196371,196371,100.00,"10/8/2024 12:00:00 AM"
33,Uttarakhand,603,066,NAINITAL,93904,93904,100.00,"10/8/2024 12:00:00 AM"
33,Uttarakhand,604,061,PAURI(GARHWAL),117358,117358,100.00,"10/8/2024 12:00:00 AM"
33,Uttarakhand,608,067,"UDHAM SINGH NAGAR",183052,183052,100.00,"10/8/2024 12:00:00 AM"
25,"West Bengal",556,334,BIRBHUM,675122,675122,100.00,"10/8/2024 12:00:00 AM"
25,"West Bengal",561,338,HOOGHLY,874578,874578,100.00,"10/8/2024 12:00:00 AM"
